{"accuracy": 0.96875, "loss": 0.03125, "train_epoch": 13, "_timestamp": 1709387358.6786268, "_runtime": 2298.3402156829834, "_step": 47637, "val_accuracy": 0.96875, "val_loss": 0.03125, "_wandb": {"runtime": 2293}}