{"accuracy": 0.96875, "train_epoch": 7, "_timestamp": 1709382288.5716512, "_runtime": 164.74576330184937, "_step": 3003, "_wandb": {"runtime": 154}}