{"batch loss": 0.10133546590805054, "_timestamp": 1709348644.2998288, "_runtime": 328.1701807975769, "_step": 9555, "loss": 0.9711229946524064, "epoch": 0, "_wandb": {"runtime": 322}}