{"batch loss": 0.120631642639637, "_timestamp": 1709348176.1205688, "_runtime": 122.59667086601257, "_step": 3466, "_wandb": {"runtime": 120}}